run,check_Proof
0,2.3373212814331055
1,2.0417826175689697
2,2.039296865463257
3,2.1877200603485107
4,2.1216278076171875
5,1.988999366760254
6,2.2270994186401367
7,2.618138074874878
8,2.0425119400024414
9,1.956749439239502