run,check_Proof

0,2.0216732025146484

1,1.9384286403656006

2,1.9063093662261963

3,2.0203654766082764

4,1.8935036659240723

5,1.8997888565063477

6,2.019218683242798

7,1.94588303565979

8,2.00433087348938

9,1.9914898872375488