[run,check_Proof

[0,2.0133280754089355

[1,1.8830578327178955

[2,1.9603271484375

[3,1.9381818771362305

[4,2.0098965167999268

[5,1.9162895679473877

[6,1.85270357131958

[7,1.8900704383850098

[8,1.9489474296569824

[9,1.9056878089904785