batch,gas_verify_save, gas_deploy_veri,gas_deploy_saver, costs_deploy_all
100,0,1015701,1229244,0.0448989
90,0,1015905,1229424,0.04490658
80,0,1015905,1229424,0.04490658
70,0,1015917,1229436,0.04490706
60,0,1015929,1229448,0.04490754
50,0,1015689,1229220,0.04489818
40,0.1015929,1229448,0.04490754
30,0,1015881,1229412,0.04490586
20,0,1015461,1228992,0.04488906
10,0,1015701,1229220,0.04489842