run,check_Proof

0,1.8794090747833252

1,1.9115941524505615

2,1.866722822189331

3,1.987069845199585

4,1.9833629131317139

5,1.8998539447784424

6,1.903820514678955

7,1.9156241416931152

8,1.984919786453247

9,1.8881235122680664