run,check_Proof

0,1.8676726818084717

1,1.9006285667419434

2,1.8985095024108887

3,2.088149309158325

4,1.9618213176727295

5,1.9869635105133057

6,1.9026553630828857

7,1.9735538959503174

8,1.9323699474334717

9,1.9464809894561768