run,check_Proof

0,1.8838293552398682

1,1.90803861618042

2,2.121978998184204

3,1.9719254970550537

4,1.9313573837280273

5,2.0431602001190186

6,1.9749081134796143

7,1.961958646774292

8,1.9600605964660645

9,1.9714820384979248