run,check_Proof

0,2.1959283351898193

1,1.9360971450805664

2,1.898496150970459

3,2.0114450454711914

4,1.8825793266296387

5,1.958164930343628

6,1.951697826385498

7,1.9633128643035889

8,1.8967912197113037

9,1.905226469039917