run,check_Proof

0,1.8706555366516113

1,1.848062515258789

2,2.0193963050842285

3,2.037975549697876

4,1.9033594131469727

5,1.8599293231964111

6,1.940803050994873

7,1.9435210227966309

8,1.8675806522369385

9,1.941864013671875