run,check_Proof

0,1.8825397491455078

1,1.9077038764953613

2,1.9803531169891357

3,1.9094209671020508

4,1.9613511562347412

5,1.9717857837677002

6,1.890242338180542

7,1.950019121170044

8,1.9270670413970947

9,1.904904842376709