run,check_Proof

0,1.9126899242401123

1,1.8944900035858154

2,1.961571455001831

3,1.9794387817382812

4,2.0052406787872314

5,1.9581310749053955

6,1.9648830890655518

7,1.9784860610961914

8,1.9176430702209473

9,1.9703552722930908